Position,Reference,Counts,Frequencies (%),Ambiguity,Mutation Representation,Color
1,G,{'G': 153},{'G': 100.0},High-confidence,G (100%),Green
2,H,{'H': 153},{'H': 100.0},High-confidence,H (100%),Green
3,G,{'G': 153},{'G': 100.0},High-confidence,G (100%),Green
4,Q,{'Q': 153},{'Q': 100.0},High-confidence,Q (100%),Green
5,V,"{'V': 38, 'I': 115}","{'V': 24.84, 'I': 75.16}",High-confidence,I (75.16%),Red
6,D,{'D': 153},{'D': 100.0},High-confidence,D (100%),Green
7,N,{'N': 153},{'N': 100.0},High-confidence,N (100%),Green
8,F,{'F': 153},{'F': 100.0},High-confidence,F (100%),Green
9,S,{'S': 153},{'S': 100.0},High-confidence,S (100%),Green
10,L,{'L': 153},{'L': 100.0},High-confidence,L (100%),Green
11,G,{'G': 153},{'G': 100.0},High-confidence,G (100%),Green
12,V,"{'V': 152, 'L': 1}","{'V': 99.35, 'L': 0.65}",High-confidence,L (0.65%),Red
13,L,{'L': 153},{'L': 100.0},High-confidence,L (100%),Green
14,G,{'G': 153},{'G': 100.0},High-confidence,G (100%),Green
15,M,{'M': 153},{'M': 100.0},High-confidence,M (100%),Green
16,A,{'A': 153},{'A': 100.0},High-confidence,A (100%),Green
17,L,{'L': 153},{'L': 100.0},High-confidence,L (100%),Green
18,F,{'F': 153},{'F': 100.0},High-confidence,F (100%),Green
19,L,{'L': 153},{'L': 100.0},High-confidence,L (100%),Green
20,E,{'E': 153},{'E': 100.0},High-confidence,E (100%),Green
21,E,{'E': 153},{'E': 100.0},High-confidence,E (100%),Green
22,M,{'M': 153},{'M': 100.0},High-confidence,M (100%),Green
23,L,{'L': 153},{'L': 100.0},High-confidence,L (100%),Green
24,R,{'R': 153},{'R': 100.0},High-confidence,R (100%),Green
25,T,{'T': 153},{'T': 100.0},High-confidence,T (100%),Green
26,R,{'R': 153},{'R': 100.0},High-confidence,R (100%),Green
27,V,{'V': 153},{'V': 100.0},High-confidence,V (100%),Green
28,G,{'G': 153},{'G': 100.0},High-confidence,G (100%),Green
29,T,{'T': 153},{'T': 100.0},High-confidence,T (100%),Green
30,K,{'K': 153},{'K': 100.0},High-confidence,K (100%),Green
31,H,{'H': 153},{'H': 100.0},High-confidence,H (100%),Green
32,A,{'A': 153},{'A': 100.0},High-confidence,A (100%),Green
33,I,"{'I': 146, 'V': 7}","{'I': 95.42, 'V': 4.58}",High-confidence,V (4.58%),Red
34,L,{'L': 153},{'L': 100.0},High-confidence,L (100%),Green
35,L,{'L': 153},{'L': 100.0},High-confidence,L (100%),Green
36,V,{'V': 153},{'V': 100.0},High-confidence,V (100%),Green
37,A,{'A': 153},{'A': 100.0},High-confidence,A (100%),Green
38,V,{'V': 153},{'V': 100.0},High-confidence,V (100%),Green
39,S,"{'S': 81, 'A': 72}","{'S': 52.94, 'A': 47.06}",High-confidence,A (47.06%),Red
40,F,{'F': 153},{'F': 100.0},High-confidence,F (100%),Green
41,V,"{'V': 148, 'M': 5}","{'V': 96.73, 'M': 3.27}",High-confidence,M (3.27%),Red
42,T,{'T': 153},{'T': 100.0},High-confidence,T (100%),Green
43,L,{'L': 153},{'L': 100.0},High-confidence,L (100%),Green
44,I,"{'I': 152, 'L': 1}","{'I': 99.35, 'L': 0.65}",High-confidence,L (0.65%),Red
45,T,{'T': 153},{'T': 100.0},High-confidence,T (100%),Green
46,G,{'G': 153},{'G': 100.0},High-confidence,G (100%),Green
47,N,{'N': 153},{'N': 100.0},High-confidence,N (100%),Green
48,M,"{'M': 152, 'V': 1}","{'M': 99.35, 'V': 0.65}",High-confidence,V (0.65%),Red
49,S,{'S': 153},{'S': 100.0},High-confidence,S (100%),Green
50,F,{'F': 153},{'F': 100.0},High-confidence,F (100%),Green
51,R,{'R': 153},{'R': 100.0},High-confidence,R (100%),Green
52,D,{'D': 153},{'D': 100.0},High-confidence,D (100%),Green
53,L,{'L': 153},{'L': 100.0},High-confidence,L (100%),Green
54,G,{'G': 153},{'G': 100.0},High-confidence,G (100%),Green
55,R,{'R': 153},{'R': 100.0},High-confidence,R (100%),Green
56,V,{'V': 153},{'V': 100.0},High-confidence,V (100%),Green
57,M,{'M': 153},{'M': 100.0},High-confidence,M (100%),Green
58,V,{'V': 153},{'V': 100.0},High-confidence,V (100%),Green
59,M,{'M': 153},{'M': 100.0},High-confidence,M (100%),Green
60,V,{'V': 153},{'V': 100.0},High-confidence,V (100%),Green
61,G,{'G': 153},{'G': 100.0},High-confidence,G (100%),Green
62,A,{'A': 153},{'A': 100.0},High-confidence,A (100%),Green
63,T,"{'T': 148, 'A': 5}","{'T': 96.73, 'A': 3.27}",High-confidence,A (3.27%),Red
64,M,{'M': 153},{'M': 100.0},High-confidence,M (100%),Green
65,T,{'T': 153},{'T': 100.0},High-confidence,T (100%),Green
66,D,{'D': 153},{'D': 100.0},High-confidence,D (100%),Green
67,D,"{'D': 143, 'G': 10}","{'D': 93.46, 'G': 6.54}",High-confidence,G (6.54%),Red
68,I,{'I': 153},{'I': 100.0},High-confidence,I (100%),Green
69,G,{'G': 153},{'G': 100.0},High-confidence,G (100%),Green
70,M,{'M': 153},{'M': 100.0},High-confidence,M (100%),Green
71,G,{'G': 153},{'G': 100.0},High-confidence,G (100%),Green
72,V,{'V': 153},{'V': 100.0},High-confidence,V (100%),Green
73,T,{'T': 153},{'T': 100.0},High-confidence,T (100%),Green
74,Y,{'Y': 153},{'Y': 100.0},High-confidence,Y (100%),Green
75,L,{'L': 153},{'L': 100.0},High-confidence,L (100%),Green
76,A,{'A': 153},{'A': 100.0},High-confidence,A (100%),Green
77,L,{'L': 153},{'L': 100.0},High-confidence,L (100%),Green
78,L,{'L': 153},{'L': 100.0},High-confidence,L (100%),Green
79,A,{'A': 153},{'A': 100.0},High-confidence,A (100%),Green
80,A,{'A': 153},{'A': 100.0},High-confidence,A (100%),Green
81,F,"{'F': 151, 'Y': 2}","{'F': 98.69, 'Y': 1.31}",High-confidence,Y (1.31%),Red
82,K,{'K': 153},{'K': 100.0},High-confidence,K (100%),Green
83,V,{'V': 153},{'V': 100.0},High-confidence,V (100%),Green
84,R,{'R': 153},{'R': 100.0},High-confidence,R (100%),Green
85,P,{'P': 153},{'P': 100.0},High-confidence,P (100%),Green
86,T,{'T': 153},{'T': 100.0},High-confidence,T (100%),Green
87,F,{'F': 153},{'F': 100.0},High-confidence,F (100%),Green
88,A,{'A': 153},{'A': 100.0},High-confidence,A (100%),Green
89,A,{'A': 153},{'A': 100.0},High-confidence,A (100%),Green
90,G,{'G': 153},{'G': 100.0},High-confidence,G (100%),Green
91,L,{'L': 153},{'L': 100.0},High-confidence,L (100%),Green
92,L,{'L': 153},{'L': 100.0},High-confidence,L (100%),Green
93,L,{'L': 153},{'L': 100.0},High-confidence,L (100%),Green
94,R,{'R': 153},{'R': 100.0},High-confidence,R (100%),Green
95,K,{'K': 153},{'K': 100.0},High-confidence,K (100%),Green
96,L,{'L': 153},{'L': 100.0},High-confidence,L (100%),Green
97,T,{'T': 153},{'T': 100.0},High-confidence,T (100%),Green
98,S,{'S': 153},{'S': 100.0},High-confidence,S (100%),Green
99,K,{'K': 153},{'K': 100.0},High-confidence,K (100%),Green
100,E,{'E': 153},{'E': 100.0},High-confidence,E (100%),Green
101,L,{'L': 153},{'L': 100.0},High-confidence,L (100%),Green
102,M,{'M': 153},{'M': 100.0},High-confidence,M (100%),Green
103,M,{'M': 153},{'M': 100.0},High-confidence,M (100%),Green
104,T,"{'T': 152, 'I': 1}","{'T': 99.35, 'I': 0.65}",High-confidence,I (0.65%),Red
105,T,{'T': 153},{'T': 100.0},High-confidence,T (100%),Green
106,I,{'I': 153},{'I': 100.0},High-confidence,I (100%),Green
107,G,{'G': 153},{'G': 100.0},High-confidence,G (100%),Green
108,I,{'I': 153},{'I': 100.0},High-confidence,I (100%),Green
109,V,"{'V': 151, 'A': 2}","{'V': 98.69, 'A': 1.31}",High-confidence,A (1.31%),Red
110,L,{'L': 153},{'L': 100.0},High-confidence,L (100%),Green
111,L,{'L': 153},{'L': 100.0},High-confidence,L (100%),Green
112,S,{'S': 153},{'S': 100.0},High-confidence,S (100%),Green
113,Q,{'Q': 153},{'Q': 100.0},High-confidence,Q (100%),Green
114,S,{'S': 153},{'S': 100.0},High-confidence,S (100%),Green
115,T,{'T': 153},{'T': 100.0},High-confidence,T (100%),Green
116,I,{'I': 153},{'I': 100.0},High-confidence,I (100%),Green
117,P,{'P': 153},{'P': 100.0},High-confidence,P (100%),Green
118,E,{'E': 153},{'E': 100.0},High-confidence,E (100%),Green
119,T,{'T': 153},{'T': 100.0},High-confidence,T (100%),Green
120,I,{'I': 153},{'I': 100.0},High-confidence,I (100%),Green
121,L,{'L': 153},{'L': 100.0},High-confidence,L (100%),Green
122,E,{'E': 153},{'E': 100.0},High-confidence,E (100%),Green
123,L,{'L': 153},{'L': 100.0},High-confidence,L (100%),Green
124,T,{'T': 153},{'T': 100.0},High-confidence,T (100%),Green
125,D,{'D': 153},{'D': 100.0},High-confidence,D (100%),Green
126,A,{'A': 153},{'A': 100.0},High-confidence,A (100%),Green
127,L,{'L': 153},{'L': 100.0},High-confidence,L (100%),Green
128,A,{'A': 153},{'A': 100.0},High-confidence,A (100%),Green
129,L,{'L': 153},{'L': 100.0},High-confidence,L (100%),Green
130,G,{'G': 153},{'G': 100.0},High-confidence,G (100%),Green
131,M,{'M': 153},{'M': 100.0},High-confidence,M (100%),Green
132,M,{'M': 153},{'M': 100.0},High-confidence,M (100%),Green
133,V,"{'V': 147, 'A': 1, 'I': 5}","{'V': 96.08, 'A': 0.65, 'I': 3.27}",High-confidence,A (0.65%); I (3.27%),Red
134,L,{'L': 153},{'L': 100.0},High-confidence,L (100%),Green
135,K,"{'K': 152, 'R': 1}","{'K': 99.35, 'R': 0.65}",High-confidence,R (0.65%),Red
136,M,"{'M': 38, 'I': 115}","{'M': 24.84, 'I': 75.16}",High-confidence,I (75.16%),Red
137,V,{'V': 153},{'V': 100.0},High-confidence,V (100%),Green
138,R,{'R': 153},{'R': 100.0},High-confidence,R (100%),Green
139,N,{'N': 153},{'N': 100.0},High-confidence,N (100%),Green
140,M,{'M': 153},{'M': 100.0},High-confidence,M (100%),Green
141,E,{'E': 153},{'E': 100.0},High-confidence,E (100%),Green
142,K,{'K': 153},{'K': 100.0},High-confidence,K (100%),Green
143,Y,{'Y': 153},{'Y': 100.0},High-confidence,Y (100%),Green
144,Q,{'Q': 153},{'Q': 100.0},High-confidence,Q (100%),Green
145,L,{'L': 153},{'L': 100.0},High-confidence,L (100%),Green
146,A,{'A': 153},{'A': 100.0},High-confidence,A (100%),Green
147,V,{'V': 153},{'V': 100.0},High-confidence,V (100%),Green
148,T,{'T': 153},{'T': 100.0},High-confidence,T (100%),Green
149,I,{'I': 153},{'I': 100.0},High-confidence,I (100%),Green
150,M,{'M': 153},{'M': 100.0},High-confidence,M (100%),Green
151,A,{'A': 153},{'A': 100.0},High-confidence,A (100%),Green
152,I,"{'I': 152, 'V': 1}","{'I': 99.35, 'V': 0.65}",High-confidence,V (0.65%),Red
153,L,{'L': 153},{'L': 100.0},High-confidence,L (100%),Green
154,C,{'C': 153},{'C': 100.0},High-confidence,C (100%),Green
155,V,{'V': 153},{'V': 100.0},High-confidence,V (100%),Green
156,P,{'P': 153},{'P': 100.0},High-confidence,P (100%),Green
157,N,{'N': 153},{'N': 100.0},High-confidence,N (100%),Green
158,A,{'A': 153},{'A': 100.0},High-confidence,A (100%),Green
159,V,{'V': 153},{'V': 100.0},High-confidence,V (100%),Green
160,I,{'I': 153},{'I': 100.0},High-confidence,I (100%),Green
161,L,{'L': 153},{'L': 100.0},High-confidence,L (100%),Green
162,Q,"{'Q': 59, 'R': 92, 'X': 2}","{'Q': 39.07, 'R': 60.93}",Low-confidence,R (60.93%),Red
163,N,{'N': 153},{'N': 100.0},High-confidence,N (100%),Green
164,A,{'A': 153},{'A': 100.0},High-confidence,A (100%),Green
165,W,{'W': 153},{'W': 100.0},High-confidence,W (100%),Green
166,K,{'K': 153},{'K': 100.0},High-confidence,K (100%),Green
167,V,{'V': 153},{'V': 100.0},High-confidence,V (100%),Green
168,S,{'S': 153},{'S': 100.0},High-confidence,S (100%),Green
169,C,{'C': 153},{'C': 100.0},High-confidence,C (100%),Green
170,T,{'T': 153},{'T': 100.0},High-confidence,T (100%),Green
171,I,"{'I': 50, 'A': 98, 'T': 5}","{'I': 32.68, 'A': 64.05, 'T': 3.27}",High-confidence,A (64.05%); T (3.27%),Red
172,L,{'L': 153},{'L': 100.0},High-confidence,L (100%),Green
173,A,{'A': 153},{'A': 100.0},High-confidence,A (100%),Green
174,V,{'V': 153},{'V': 100.0},High-confidence,V (100%),Green
175,V,{'V': 153},{'V': 100.0},High-confidence,V (100%),Green
176,S,{'S': 153},{'S': 100.0},High-confidence,S (100%),Green
177,V,{'V': 153},{'V': 100.0},High-confidence,V (100%),Green
178,S,{'S': 153},{'S': 100.0},High-confidence,S (100%),Green
179,P,{'P': 153},{'P': 100.0},High-confidence,P (100%),Green
180,L,{'L': 153},{'L': 100.0},High-confidence,L (100%),Green
181,L,{'L': 153},{'L': 100.0},High-confidence,L (100%),Green
182,L,{'L': 153},{'L': 100.0},High-confidence,L (100%),Green
183,T,{'T': 153},{'T': 100.0},High-confidence,T (100%),Green
184,S,{'S': 153},{'S': 100.0},High-confidence,S (100%),Green
185,S,{'S': 153},{'S': 100.0},High-confidence,S (100%),Green
186,Q,{'Q': 153},{'Q': 100.0},High-confidence,Q (100%),Green
187,Q,{'Q': 153},{'Q': 100.0},High-confidence,Q (100%),Green
188,K,{'K': 153},{'K': 100.0},High-confidence,K (100%),Green
189,T,"{'T': 141, 'A': 12}","{'T': 92.16, 'A': 7.84}",High-confidence,A (7.84%),Red
190,D,{'D': 153},{'D': 100.0},High-confidence,D (100%),Green
191,W,{'W': 153},{'W': 100.0},High-confidence,W (100%),Green
192,I,{'I': 153},{'I': 100.0},High-confidence,I (100%),Green
193,P,{'P': 153},{'P': 100.0},High-confidence,P (100%),Green
194,L,{'L': 153},{'L': 100.0},High-confidence,L (100%),Green
195,A,{'A': 153},{'A': 100.0},High-confidence,A (100%),Green
196,L,{'L': 153},{'L': 100.0},High-confidence,L (100%),Green
197,T,{'T': 153},{'T': 100.0},High-confidence,T (100%),Green
198,I,{'I': 153},{'I': 100.0},High-confidence,I (100%),Green
199,K,{'K': 153},{'K': 100.0},High-confidence,K (100%),Green
200,G,{'G': 153},{'G': 100.0},High-confidence,G (100%),Green
201,L,{'L': 153},{'L': 100.0},High-confidence,L (100%),Green
202,N,{'N': 153},{'N': 100.0},High-confidence,N (100%),Green
203,P,{'P': 153},{'P': 100.0},High-confidence,P (100%),Green
204,T,{'T': 153},{'T': 100.0},High-confidence,T (100%),Green
205,A,{'A': 153},{'A': 100.0},High-confidence,A (100%),Green
206,I,{'I': 153},{'I': 100.0},High-confidence,I (100%),Green
207,F,{'F': 153},{'F': 100.0},High-confidence,F (100%),Green
208,L,{'L': 153},{'L': 100.0},High-confidence,L (100%),Green
209,T,{'T': 153},{'T': 100.0},High-confidence,T (100%),Green
210,T,{'T': 153},{'T': 100.0},High-confidence,T (100%),Green
211,L,{'L': 153},{'L': 100.0},High-confidence,L (100%),Green
212,S,{'S': 153},{'S': 100.0},High-confidence,S (100%),Green
213,R,{'R': 153},{'R': 100.0},High-confidence,R (100%),Green
214,T,{'T': 153},{'T': 100.0},High-confidence,T (100%),Green
215,S,"{'S': 148, 'N': 5}","{'S': 96.73, 'N': 3.27}",High-confidence,N (3.27%),Red
216,K,{'K': 153},{'K': 100.0},High-confidence,K (100%),Green
217,K,{'K': 153},{'K': 100.0},High-confidence,K (100%),Green
218,R,{'R': 153},{'R': 100.0},High-confidence,R (100%),Green
